문헌번호,오류유형,상세,관련값
KR 10-2620084 B1,E13 패밀리중복,동일 문헌이 표기만 달라 1쌍 중복 적재,EP 3276698 B1 / EP 03276698 B1
KR 10-2620137 B1,E14 명칭전각표기,발명의 명칭에 전각 영숫자가 있어 반각 검색어와 매칭되지 않음,ＴＳＮ 트래픽 스케줄링에 대한  구현 및 평가 방법
KR 10-2619739 B1,E13 패밀리중복,동일 문헌이 표기만 달라 1쌍 중복 적재,JP 6279973 B2 / JP 06279973 B2
KR 10-2620102 B1,E9 섹션파싱누락,technology_field 가 비었는데 전문에 해당 표제가 있음,표제 매칭='기술\s*분야'
KR 10-2620102 B1,E13 패밀리중복,동일 문헌이 표기만 달라 2쌍 중복 적재,EP 3706181 A1 / EP 03706181 A1 / EP 4422379 A2 / EP 04422379 A2
KR 10-2619261 B1,E4 청구항수불일치(삭제제외 기준),claim_count 가 '삭제' 제외 실질 청구항 수와 다름 (차이 -2),claim_count=19 claims=25 삭제=4 실질=21
KR 10-2621857 B1,E13 패밀리중복,동일 문헌이 표기만 달라 1쌍 중복 적재,EP 4194697 A1 / EP 04194697 A1
KR 10-2621619 B1,E4 청구항수불일치(삭제제외 기준),claim_count 가 '삭제' 제외 실질 청구항 수와 다름 (차이 -1),claim_count=10 claims=13 삭제=2 실질=11
KR 10-2620443 B1,E13 패밀리중복,동일 문헌이 표기만 달라 1쌍 중복 적재,EP 3525672 A1 / EP 03525672 A1
KR 10-2620334 B1,E13 패밀리중복,동일 문헌이 표기만 달라 1쌍 중복 적재,JP 6727786 B2 / JP 06727786 B2
KR 10-2620733 B1,E13 패밀리중복,동일 문헌이 표기만 달라 1쌍 중복 적재,EP 4151256 A1 / EP 04151256 A1
KR 10-2620583 B1,E13 패밀리중복,동일 문헌이 표기만 달라 1쌍 중복 적재,JP 6883488 B2 / JP 06883488 B2
KR 10-2620623 B1,E13 패밀리중복,동일 문헌이 표기만 달라 1쌍 중복 적재,EP 3940737 A1 / EP 03940737 A1
KR 10-2620289 B1,E13 패밀리중복,동일 문헌이 표기만 달라 2쌍 중복 적재,JP 6745924 B2 / JP 7395639 B2 / JP 06745924 B2 / JP 07395639 B2
KR 10-2620624 B1,E13 패밀리중복,동일 문헌이 표기만 달라 7쌍 중복 적재,US 09596466 B2 / US 9596466 B2 / JP 5969041 B2 / JP 6203898 B2
KR 10-2663196 B1,E4 청구항수불일치(삭제제외 기준),claim_count 가 '삭제' 제외 실질 청구항 수와 다름 (차이 -8),claim_count=20 claims=32 삭제=4 실질=28
KR 10-2635013 B1,E13 패밀리중복,동일 문헌이 표기만 달라 2쌍 중복 적재,EP 3087972 A1 / EP 03087972 A1 / JP 6657441 B2 / JP 06657441 B2
KR 10-2635013 B1,E14 명칭전각표기,발명의 명칭에 전각 영숫자가 있어 반각 검색어와 매칭되지 않음,ＪＡＫ 저해제에 대한 국소 제형
KR 10-2649868 B1,E13 패밀리중복,동일 문헌이 표기만 달라 1쌍 중복 적재,JP 7132198 B2 / JP 07132198 B2
KR 10-2635400 B1,E13 패밀리중복,동일 문헌이 표기만 달라 1쌍 중복 적재,EP 3824626 A1 / EP 03824626 A1
KR 10-2635881 B1,E13 패밀리중복,동일 문헌이 표기만 달라 1쌍 중복 적재,EP 3749793 B1 / EP 03749793 B1
KR 10-2634993 B1,E13 패밀리중복,동일 문헌이 표기만 달라 2쌍 중복 적재,EP 3564278 A1 / EP 03564278 A1 / JP 7075354 B2 / JP 07075354 B2
KR 20-0497874 Y1,E10 공개일결손,공개번호는 있는데 문헌일(공개일)이 없음,publication_number=20-2023-0000689
KR 10-2623784 B1,E14 명칭전각표기,발명의 명칭에 전각 영숫자가 있어 반각 검색어와 매칭되지 않음,발광 시간의 제어가 가능한 ＬＥＤ 픽셀 패키지
KR 10-2624069 B1,E13 패밀리중복,동일 문헌이 표기만 달라 2쌍 중복 적재,JP 7348248 B2 / EP 3982490 A1 / EP 03982490 A1 / JP 07348248 B2
KR 10-2650076 B1,E13 패밀리중복,동일 문헌이 표기만 달라 1쌍 중복 적재,EP 3922279 A1 / EP 03922279 A1
KR 10-2635152 B1,E13 패밀리중복,동일 문헌이 표기만 달라 1쌍 중복 적재,EP 3676269 B1 / EP 03676269 B1
KR 10-2664940 B1,E14 명칭전각표기,발명의 명칭에 전각 영숫자가 있어 반각 검색어와 매칭되지 않음,ＬＦＳ 컨테이너선의 ＬＮＧ 연료 탱크 주변 공기를 이용한 냉동컨테이너 화물 구역의 공조 시
KR 10-2730751 B1,E13 패밀리중복,동일 문헌이 표기만 달라 1쌍 중복 적재,EP 3700179 A1 / EP 03700179 A1
KR 10-2636427 B1,E13 패밀리중복,동일 문헌이 표기만 달라 1쌍 중복 적재,JP 7250442 B2 / JP 07250442 B2
KR 10-2730215 B1,E13 패밀리중복,동일 문헌이 표기만 달라 1쌍 중복 적재,EP 4124490 A1 / EP 04124490 A1
KR 10-2648725 B1,E13 패밀리중복,동일 문헌이 표기만 달라 2쌍 중복 적재,JP 7230229 B2 / EP 3975879 A1 / EP 03975879 A1 / JP 07230229 B2
KR 10-2650251 B1,E13 패밀리중복,동일 문헌이 표기만 달라 1쌍 중복 적재,EP 3783990 A1 / EP 03783990 A1
KR 10-2702017 B1,E13 패밀리중복,동일 문헌이 표기만 달라 1쌍 중복 적재,JP 7489821 B2 / JP 07489821 B2
KR 10-2730554 B1,E13 패밀리중복,동일 문헌이 표기만 달라 1쌍 중복 적재,US 09882154 B2 / US 9882154 B2
KR 10-2689602 B1,E13 패밀리중복,동일 문헌이 표기만 달라 1쌍 중복 적재,EP 3583988 B1 / EP 03583988 B1
KR 10-2623923 B1,E13 패밀리중복,동일 문헌이 표기만 달라 1쌍 중복 적재,EP 3503157 A1 / EP 03503157 A1
KR 10-2730370 B1,E13 패밀리중복,동일 문헌이 표기만 달라 1쌍 중복 적재,EP 4286254 A1 / EP 04286254 A1
KR 10-2622804 B1,E13 패밀리중복,동일 문헌이 표기만 달라 1쌍 중복 적재,JP 6665354 B2 / JP 06665354 B2
KR 10-2717932 B1,E13 패밀리중복,동일 문헌이 표기만 달라 1쌍 중복 적재,JP 7184453 B2 / JP 07184453 B2
KR 10-2637047 B1,E13 패밀리중복,동일 문헌이 표기만 달라 1쌍 중복 적재,EP 3925678 A1 / EP 03925678 A1
KR 20-0497883 Y1,E10 공개일결손,공개번호는 있는데 문헌일(공개일)이 없음,publication_number=20-2021-0000256
KR 10-2649609 B1,E13 패밀리중복,동일 문헌이 표기만 달라 1쌍 중복 적재,EP 3257059 A1 / EP 03257059 A1
KR 10-2649621 B1,E13 패밀리중복,동일 문헌이 표기만 달라 1쌍 중복 적재,EP 3347326 A1 / EP 03347326 A1
KR 10-2621982 B1,E13 패밀리중복,동일 문헌이 표기만 달라 1쌍 중복 적재,EP 4102865 A1 / EP 04102865 A1
KR 10-2731080 B1,E13 패밀리중복,동일 문헌이 표기만 달라 1쌍 중복 적재,EP 4195681 A1 / EP 04195681 A1
KR 10-2649194 B1,E13 패밀리중복,동일 문헌이 표기만 달라 1쌍 중복 적재,EP 3908849 A1 / EP 03908849 A1
KR 10-2649461 B1,E13 패밀리중복,동일 문헌이 표기만 달라 1쌍 중복 적재,JP 7173014 B2 / JP 07173014 B2
KR 10-2635449 B1,E13 패밀리중복,동일 문헌이 표기만 달라 1쌍 중복 적재,JP 7181681 B2 / JP 07181681 B2
KR 10-2663158 B1,E13 패밀리중복,동일 문헌이 표기만 달라 1쌍 중복 적재,EP 4280306 A1 / EP 04280306 A1
KR 10-2689504 B1,E4 청구항수불일치(삭제제외 기준),claim_count 가 '삭제' 제외 실질 청구항 수와 다름 (차이 -9),claim_count=10 claims=20 삭제=1 실질=19
KR 10-2648993 B1,E4 청구항수불일치(삭제제외 기준),claim_count 가 '삭제' 제외 실질 청구항 수와 다름 (차이 -2),claim_count=10 claims=20 삭제=8 실질=12
KR 10-2648993 B1,E13 패밀리중복,동일 문헌이 표기만 달라 1쌍 중복 적재,EP 3871195 A1 / EP 03871195 A1
KR 10-2730170 B1,E13 패밀리중복,동일 문헌이 표기만 달라 3쌍 중복 적재,EP 2513894 A1 / EP 02513894 A1 / US 08599177 B2 / JP 5211255 B2
KR 10-2635635 B1,E13 패밀리중복,동일 문헌이 표기만 달라 1쌍 중복 적재,JP 7045333 B2 / JP 07045333 B2
KR 10-2689912 B1,E13 패밀리중복,동일 문헌이 표기만 달라 2쌍 중복 적재,JP 7402316 B2 / EP 4024430 A1 / EP 04024430 A1 / JP 07402316 B2
KR 10-2635994 B1,E13 패밀리중복,동일 문헌이 표기만 달라 1쌍 중복 적재,JP 7064778 B2 / JP 07064778 B2
KR 10-2636765 B1,E13 패밀리중복,동일 문헌이 표기만 달라 1쌍 중복 적재,EP 3692583 A1 / EP 03692583 A1
KR 10-2702813 B1,E13 패밀리중복,동일 문헌이 표기만 달라 1쌍 중복 적재,JP 7451591 B2 / JP 07451591 B2
KR 10-2635891 B1,E13 패밀리중복,동일 문헌이 표기만 달라 1쌍 중복 적재,EP 4088417 A1 / EP 04088417 A1
KR 20-0497867 Y1,E13 패밀리중복,동일 문헌이 표기만 달라 1쌍 중복 적재,JP 3239523 U / JP 03239523 U
KR 10-2703722 B1,E13 패밀리중복,동일 문헌이 표기만 달라 1쌍 중복 적재,EP 3686718 A1 / EP 03686718 A1
KR 10-2624133 B1,E9 섹션파싱누락,technology_field 가 비었는데 전문에 해당 표제가 있음,표제 매칭='기술\s*분야'
KR 10-2624133 B1,E13 패밀리중복,동일 문헌이 표기만 달라 1쌍 중복 적재,EP 3651410 A1 / EP 03651410 A1
KR 10-2649181 B1,E13 패밀리중복,동일 문헌이 표기만 달라 1쌍 중복 적재,EP 3720819 A1 / EP 03720819 A1
KR 10-2718019 B1,E13 패밀리중복,동일 문헌이 표기만 달라 1쌍 중복 적재,EP 4376102 A3 / EP 04376102 A3
KR 10-2650215 B1,E13 패밀리중복,동일 문헌이 표기만 달라 1쌍 중복 적재,EP 3312701 A1 / EP 03312701 A1
KR 10-2650255 B1,E13 패밀리중복,동일 문헌이 표기만 달라 1쌍 중복 적재,EP 3758886 A1 / EP 03758886 A1
KR 10-2635540 B1,E13 패밀리중복,동일 문헌이 표기만 달라 1쌍 중복 적재,EP 3603810 A1 / EP 03603810 A1
KR 10-2649379 B1,E13 패밀리중복,동일 문헌이 표기만 달라 2쌍 중복 적재,JP 3238566 U / EP 3959945 A1 / EP 03959945 A1 / JP 03238566 U
KR 10-2636594 B1,E13 패밀리중복,동일 문헌이 표기만 달라 6쌍 중복 적재,EP 3665227 A1 / EP 03665227 A1 / EP 3665228 A1 / EP 03665228 A1
KR 10-2664889 B1,E13 패밀리중복,동일 문헌이 표기만 달라 1쌍 중복 적재,EP 4243100 A1 / EP 04243100 A1
KR 10-2649843 B1,E13 패밀리중복,동일 문헌이 표기만 달라 1쌍 중복 적재,EP 3596190 A1 / EP 03596190 A1
KR 10-2703986 B1,E13 패밀리중복,동일 문헌이 표기만 달라 1쌍 중복 적재,JP 7394937 B2 / JP 07394937 B2
KR 10-2621809 B1,E4 청구항수불일치(삭제제외 기준),claim_count 가 '삭제' 제외 실질 청구항 수와 다름 (차이 -10),claim_count=10 claims=20 삭제=0 실질=20
KR 10-2649656 B1,E13 패밀리중복,동일 문헌이 표기만 달라 1쌍 중복 적재,EP 3258484 A1 / EP 03258484 A1
KR 10-2662871 B1,E13 패밀리중복,동일 문헌이 표기만 달라 3쌍 중복 적재,EP 3792145 A1 / EP 03792145 A1 / JP 7411118 B2 / JP 7399318 B2
KR 10-2702860 B1,E4 청구항수불일치(삭제제외 기준),claim_count 가 '삭제' 제외 실질 청구항 수와 다름 (차이 -6),claim_count=10 claims=20 삭제=4 실질=16
KR 10-2702860 B1,E13 패밀리중복,동일 문헌이 표기만 달라 1쌍 중복 적재,EP 3361745 A1 / EP 03361745 A1
KR 10-2649543 B1,E13 패밀리중복,동일 문헌이 표기만 달라 3쌍 중복 적재,JP 6563334 B2 / JP 6628286 B2 / JP 7004328 B2 / JP 06563334 B2
KR 10-2636361 B1,E13 패밀리중복,동일 문헌이 표기만 달라 1쌍 중복 적재,EP 3190803 A1 / EP 03190803 A1
KR 10-2689388 B1,E13 패밀리중복,동일 문헌이 표기만 달라 1쌍 중복 적재,EP 4464696 A1 / EP 04464696 A1
KR 10-2648668 B1,E4 청구항수불일치(삭제제외 기준),claim_count 가 '삭제' 제외 실질 청구항 수와 다름 (차이 -5),claim_count=5 claims=15 삭제=5 실질=10
KR 10-2635596 B1,E4 청구항수불일치(삭제제외 기준),claim_count 가 '삭제' 제외 실질 청구항 수와 다름 (차이 -7),claim_count=1 claims=8 삭제=0 실질=8
KR 10-2624345 B1,E13 패밀리중복,동일 문헌이 표기만 달라 1쌍 중복 적재,EP 3387919 A1 / EP 03387919 A1
KR 10-2651015 B1,E13 패밀리중복,동일 문헌이 표기만 달라 1쌍 중복 적재,EP 3985801 A1 / EP 03985801 A1
KR 10-2649654 B1,E13 패밀리중복,동일 문헌이 표기만 달라 1쌍 중복 적재,JP 7210847 B2 / JP 07210847 B2
KR 10-2650118 B1,E13 패밀리중복,동일 문헌이 표기만 달라 1쌍 중복 적재,EP 4206193 A1 / EP 04206193 A1
KR 10-2623031 B1,E4 청구항수불일치(삭제제외 기준),claim_count 가 '삭제' 제외 실질 청구항 수와 다름 (차이 -1),claim_count=2 claims=10 삭제=7 실질=3
KR 10-2688842 B1,E13 패밀리중복,동일 문헌이 표기만 달라 1쌍 중복 적재,EP 3470470 A1 / EP 03470470 A1
KR 10-2649411 B1,E13 패밀리중복,동일 문헌이 표기만 달라 1쌍 중복 적재,EP 3997368 A1 / EP 03997368 A1
KR 10-2702978 B1,E13 패밀리중복,동일 문헌이 표기만 달라 1쌍 중복 적재,EP 4164438 A1 / EP 04164438 A1
KR 10-2715869 B1,E13 패밀리중복,동일 문헌이 표기만 달라 1쌍 중복 적재,EP 3958006 A1 / EP 03958006 A1
KR 10-2636878 B1,E13 패밀리중복,동일 문헌이 표기만 달라 2쌍 중복 적재,JP 7338904 B2 / EP 3994496 A1 / EP 03994496 A1 / JP 07338904 B2
KR 10-2649679 B1,E13 패밀리중복,동일 문헌이 표기만 달라 1쌍 중복 적재,EP 4122402 A1 / EP 04122402 A1
KR 10-2634840 B1,E4 청구항수불일치(삭제제외 기준),claim_count 가 '삭제' 제외 실질 청구항 수와 다름 (차이 -11),claim_count=3 claims=19 삭제=5 실질=14
KR 10-2663653 B1,E13 패밀리중복,동일 문헌이 표기만 달라 1쌍 중복 적재,EP 3488340 A2 / EP 03488340 A2
KR 10-2650443 B1,E13 패밀리중복,동일 문헌이 표기만 달라 1쌍 중복 적재,EP 3692391 A1 / EP 03692391 A1
KR 10-2716427 B1,E13 패밀리중복,동일 문헌이 표기만 달라 2쌍 중복 적재,JP 7268169 B2 / EP 3916405 A1 / EP 03916405 A1 / JP 07268169 B2
KR 10-2649955 B1,E13 패밀리중복,동일 문헌이 표기만 달라 1쌍 중복 적재,EP 4105408 B8 / EP 04105408 B8
KR 10-2689337 B1,E13 패밀리중복,동일 문헌이 표기만 달라 1쌍 중복 적재,EP 3709900 B1 / EP 03709900 B1
KR 10-2648475 B1,E4 청구항수불일치(삭제제외 기준),claim_count 가 '삭제' 제외 실질 청구항 수와 다름 (차이 -1),claim_count=7 claims=8 삭제=0 실질=8
KR 10-2690502 B1,E13 패밀리중복,동일 문헌이 표기만 달라 1쌍 중복 적재,EP 3729197 A1 / EP 03729197 A1
KR 10-2623265 B1,E13 패밀리중복,동일 문헌이 표기만 달라 1쌍 중복 적재,EP 4307944 A1 / EP 04307944 A1
KR 10-2649725 B1,E14 명칭전각표기,발명의 명칭에 전각 영숫자가 있어 반각 검색어와 매칭되지 않음,ＲＥ100 이행방안 포트폴리오 구성을 위한 최적화 장치 및 방법
KR 10-2635324 B1,E13 패밀리중복,동일 문헌이 표기만 달라 1쌍 중복 적재,EP 3762529 A1 / EP 03762529 A1
KR 10-2689531 B1,E13 패밀리중복,동일 문헌이 표기만 달라 1쌍 중복 적재,JP 6832171 B2 / JP 06832171 B2
KR 10-2649053 B1,E13 패밀리중복,동일 문헌이 표기만 달라 1쌍 중복 적재,JP 7242554 B2 / JP 07242554 B2
KR 10-2717044 B1,E13 패밀리중복,동일 문헌이 표기만 달라 1쌍 중복 적재,EP 4385089 A1 / EP 04385089 A1
KR 10-2635789 B1,E13 패밀리중복,동일 문헌이 표기만 달라 1쌍 중복 적재,EP 3685357 A1 / EP 03685357 A1
KR 10-2635087 B1,E13 패밀리중복,동일 문헌이 표기만 달라 2쌍 중복 적재,EP 3677249 A1 / EP 03677249 A1 / JP 7250681 B2 / JP 07250681 B2
KR 10-2623895 B1,E13 패밀리중복,동일 문헌이 표기만 달라 2쌍 중복 적재,EP 4235830 A1 / EP 04235830 A1 / EP 4243102 A1 / EP 04243102 A1
KR 10-2649083 B1,E13 패밀리중복,동일 문헌이 표기만 달라 2쌍 중복 적재,JP 7246497 B2 / EP 3916340 A1 / EP 03916340 A1 / JP 07246497 B2
KR 10-2636942 B1,E13 패밀리중복,동일 문헌이 표기만 달라 1쌍 중복 적재,EP 3394714 A1 / EP 03394714 A1
KR 10-2649798 B1,E13 패밀리중복,동일 문헌이 표기만 달라 1쌍 중복 적재,EP 3993439 A1 / EP 03993439 A1
KR 10-2637390 B1,E13 패밀리중복,동일 문헌이 표기만 달라 1쌍 중복 적재,EP 4248803 A1 / EP 04248803 A1
KR 10-2624113 B1,E13 패밀리중복,동일 문헌이 표기만 달라 1쌍 중복 적재,EP 3806172 A1 / EP 03806172 A1
KR 10-2650803 B1,E13 패밀리중복,동일 문헌이 표기만 달라 2쌍 중복 적재,EP 3523416 A1 / EP 03523416 A1 / JP 7239179 B2 / JP 07239179 B2
KR 10-2703232 B1,E13 패밀리중복,동일 문헌이 표기만 달라 2쌍 중복 적재,EP 3148602 B1 / EP 03148602 B1 / EP 4032563 A1 / EP 04032563 A1
KR 10-2649937 B1,E13 패밀리중복,동일 문헌이 표기만 달라 1쌍 중복 적재,JP 7416699 B2 / JP 07416699 B2
KR 10-2650093 B1,E13 패밀리중복,동일 문헌이 표기만 달라 1쌍 중복 적재,JP 7224452 B2 / JP 07224452 B2
KR 10-2731456 B1,E13 패밀리중복,동일 문헌이 표기만 달라 1쌍 중복 적재,EP 4316662 A1 / EP 04316662 A1
KR 10-2650550 B1,E9 섹션파싱누락,effect_of_invention 가 비었는데 전문에 해당 표제가 있음,표제 매칭='발명의\s*효과'
KR 10-2650550 B1,E13 패밀리중복,동일 문헌이 표기만 달라 1쌍 중복 적재,JP 7046980 B2 / JP 07046980 B2
KR 10-2690318 B1,E4 청구항수불일치(삭제제외 기준),claim_count 가 '삭제' 제외 실질 청구항 수와 다름 (차이 -4),claim_count=2 claims=7 삭제=1 실질=6
KR 10-2692169 B1,E13 패밀리중복,동일 문헌이 표기만 달라 3쌍 중복 적재,US 09956227 B2 / US 9956227 B2 / EP 3666271 A1 / EP 03666271 A1
KR 10-2731421 B1,E13 패밀리중복,동일 문헌이 표기만 달라 1쌍 중복 적재,JP 7256102 B2 / JP 07256102 B2
KR 10-2665043 B1,E13 패밀리중복,동일 문헌이 표기만 달라 2쌍 중복 적재,EP 3823476 A1 / EP 03823476 A1 / JP 7179879 B2 / JP 07179879 B2
KR 10-2650189 B1,E4 청구항수불일치(삭제제외 기준),claim_count 가 '삭제' 제외 실질 청구항 수와 다름 (차이 -7),claim_count=10 claims=20 삭제=3 실질=17
KR 10-2650600 B1,E13 패밀리중복,동일 문헌이 표기만 달라 1쌍 중복 적재,EP 3826594 A1 / EP 03826594 A1
KR 10-2716761 B1,E9 섹션파싱누락,effect_of_invention 가 비었는데 전문에 해당 표제가 있음,표제 매칭='발명의\s*효과'
KR 10-2637589 B1,E13 패밀리중복,동일 문헌이 표기만 달라 1쌍 중복 적재,EP 4330900 A1 / EP 04330900 A1
KR 10-2633734 B1,E4 청구항수불일치(삭제제외 기준),claim_count 가 '삭제' 제외 실질 청구항 수와 다름 (차이 -2),claim_count=1 claims=6 삭제=3 실질=3
KR 10-2716853 B1,E13 패밀리중복,동일 문헌이 표기만 달라 1쌍 중복 적재,JP 7397699 B2 / JP 07397699 B2
KR 10-2636973 B1,E13 패밀리중복,동일 문헌이 표기만 달라 1쌍 중복 적재,EP 4177380 A2 / EP 04177380 A2
KR 10-2650760 B1,E9 섹션파싱누락,effect_of_invention 가 비었는데 전문에 해당 표제가 있음,표제 매칭='발명의\s*효과'
KR 10-2650760 B1,E13 패밀리중복,동일 문헌이 표기만 달라 1쌍 중복 적재,JP 6772401 B2 / JP 06772401 B2
KR 10-2636348 B1,E13 패밀리중복,동일 문헌이 표기만 달라 1쌍 중복 적재,EP 3362084 A1 / EP 03362084 A1
KR 10-2652261 B1,E13 패밀리중복,동일 문헌이 표기만 달라 1쌍 중복 적재,EP 3333925 A1 / EP 03333925 A1
KR 10-2716864 B1,E13 패밀리중복,동일 문헌이 표기만 달라 1쌍 중복 적재,EP 4052334 A1 / EP 04052334 A1
KR 10-2638167 B1,E13 패밀리중복,동일 문헌이 표기만 달라 2쌍 중복 적재,EP 3733604 A1 / EP 03733604 A1 / JP 7239492 B2 / JP 07239492 B2
KR 10-2665867 B1,E13 패밀리중복,동일 문헌이 표기만 달라 2쌍 중복 적재,JP 6791874 B2 / EP 3991848 A2 / EP 03991848 A2 / JP 06791874 B2
KR 10-2718682 B1,E13 패밀리중복,동일 문헌이 표기만 달라 1쌍 중복 적재,JP 6937644 B2 / JP 06937644 B2
KR 10-2637135 B1,E13 패밀리중복,동일 문헌이 표기만 달라 1쌍 중복 적재,EP 3424191 B1 / EP 03424191 B1
KR 10-2717911 B1,E13 패밀리중복,동일 문헌이 표기만 달라 1쌍 중복 적재,JP 7408794 B2 / JP 07408794 B2
KR 10-2637460 B1,E13 패밀리중복,동일 문헌이 표기만 달라 1쌍 중복 적재,EP 3456453 A1 / EP 03456453 A1
KR 10-2691020 B1,E4 청구항수불일치(삭제제외 기준),claim_count 가 '삭제' 제외 실질 청구항 수와 다름 (차이 -1),claim_count=20 claims=25 삭제=4 실질=21
KR 10-2691020 B1,E13 패밀리중복,동일 문헌이 표기만 달라 1쌍 중복 적재,EP 3500989 A1 / EP 03500989 A1
KR 10-2731835 B1,E13 패밀리중복,동일 문헌이 표기만 달라 1쌍 중복 적재,EP 3782040 A1 / EP 03782040 A1
KR 10-2691397 B1,E13 패밀리중복,동일 문헌이 표기만 달라 2쌍 중복 적재,JP 6225284 B2 / JP 7237213 B2 / JP 06225284 B2 / JP 07237213 B2
KR 10-2638059 B1,E9 섹션파싱누락,effect_of_invention 가 비었는데 전문에 해당 표제가 있음,표제 매칭='발명의\s*효과'
KR 10-2638059 B1,E13 패밀리중복,동일 문헌이 표기만 달라 2쌍 중복 적재,JP 6959475 B2 / EP 3954667 A1 / EP 03954667 A1 / JP 06959475 B2
KR 10-2624136 B1,E14 명칭전각표기,발명의 명칭에 전각 영숫자가 있어 반각 검색어와 매칭되지 않음,끈적임이 없는 고 ＳＰＦ Ｗ／Ｏ 화장료 조성물
KR 10-2665178 B1,E13 패밀리중복,동일 문헌이 표기만 달라 1쌍 중복 적재,EP 3300062 A2 / EP 03300062 A2
KR 10-2717367 B1,E13 패밀리중복,동일 문헌이 표기만 달라 1쌍 중복 적재,EP 4009422 B1 / EP 04009422 B1
KR 10-2665657 B1,E13 패밀리중복,동일 문헌이 표기만 달라 3쌍 중복 적재,JP 6628112 B2 / JP 6956356 B2 / EP 4333332 A3 / EP 04333332 A3
KR 10-2637608 B1,E13 패밀리중복,동일 문헌이 표기만 달라 1쌍 중복 적재,JP 7083407 B2 / JP 07083407 B2
KR 10-2704819 B1,E13 패밀리중복,동일 문헌이 표기만 달라 1쌍 중복 적재,EP 3777126 B1 / EP 03777126 B1
KR 10-2650978 B1,E13 패밀리중복,동일 문헌이 표기만 달라 1쌍 중복 적재,EP 3234740 A1 / EP 03234740 A1
KR 10-2717667 B1,E13 패밀리중복,동일 문헌이 표기만 달라 3쌍 중복 적재,JP 6453860 B2 / JP 6759316 B2 / EP 3812761 A1 / EP 03812761 A1
KR 10-2650099 B1,E4 청구항수불일치(삭제제외 기준),claim_count 가 '삭제' 제외 실질 청구항 수와 다름 (차이 -13),claim_count=3 claims=16 삭제=0 실질=16
KR 10-2650659 B1,E13 패밀리중복,동일 문헌이 표기만 달라 2쌍 중복 적재,EP 3624198 A3 / EP 03624198 A3 / JP 7572116 B2 / JP 07572116 B2
KR 10-2636588 B1,E13 패밀리중복,동일 문헌이 표기만 달라 1쌍 중복 적재,EP 4152623 A1 / EP 04152623 A1
KR 10-2650066 B1,E13 패밀리중복,동일 문헌이 표기만 달라 4쌍 중복 적재,EP 3712294 A1 / EP 03712294 A1 / EP 3712295 A1 / EP 03712295 A1
KR 10-2623800 B1,E13 패밀리중복,동일 문헌이 표기만 달라 1쌍 중복 적재,EP 4060782 A1 / EP 04060782 A1
KR 10-2636542 B1,E13 패밀리중복,동일 문헌이 표기만 달라 2쌍 중복 적재,JP 7074927 B2 / EP 3928892 A1 / EP 03928892 A1 / JP 07074927 B2
KR 10-2650973 B1,E13 패밀리중복,동일 문헌이 표기만 달라 1쌍 중복 적재,JP 7178935 B2 / JP 07178935 B2
KR 10-2637438 B1,E13 패밀리중복,동일 문헌이 표기만 달라 1쌍 중복 적재,JP 7139327 B2 / JP 07139327 B2
KR 10-2732906 B1,E13 패밀리중복,동일 문헌이 표기만 달라 1쌍 중복 적재,EP 3576227 B1 / EP 03576227 B1
KR 10-2637844 B1,E13 패밀리중복,동일 문헌이 표기만 달라 1쌍 중복 적재,JP 6530826 B2 / JP 06530826 B2
KR 10-2638189 B1,E13 패밀리중복,동일 문헌이 표기만 달라 1쌍 중복 적재,EP 4124801 A1 / EP 04124801 A1
KR 10-2637398 B1,E13 패밀리중복,동일 문헌이 표기만 달라 1쌍 중복 적재,EP 3250637 A1 / EP 03250637 A1
KR 10-2637740 B1,E13 패밀리중복,동일 문헌이 표기만 달라 1쌍 중복 적재,EP 3482780 A1 / EP 03482780 A1
KR 10-2733017 B1,E4 청구항수불일치(삭제제외 기준),claim_count 가 '삭제' 제외 실질 청구항 수와 다름 (차이 -5),claim_count=10 claims=20 삭제=5 실질=15
KR 10-2703848 B1,E13 패밀리중복,동일 문헌이 표기만 달라 1쌍 중복 적재,EP 4086944 A3 / EP 04086944 A3
KR 10-2636443 B1,E4 청구항수불일치(삭제제외 기준),claim_count 가 '삭제' 제외 실질 청구항 수와 다름 (차이 -20),claim_count=3 claims=23 삭제=0 실질=23
KR 10-2719048 B1,E13 패밀리중복,동일 문헌이 표기만 달라 2쌍 중복 적재,JP 7346729 B2 / EP 4086988 A1 / EP 04086988 A1 / JP 07346729 B2
KR 10-2623680 B1,E13 패밀리중복,동일 문헌이 표기만 달라 10쌍 중복 적재,EP 3734504 A1 / EP 03734504 A1 / EP 3761226 A1 / EP 03761226 A1
KR 10-2705474 B1,E13 패밀리중복,동일 문헌이 표기만 달라 3쌍 중복 적재,JP 7000387 B2 / JP 7346510 B2 / EP 4276690 A1 / EP 04276690 A1
KR 10-2732042 B1,E13 패밀리중복,동일 문헌이 표기만 달라 1쌍 중복 적재,JP 6409997 B1 / JP 06409997 B1
KR 10-2717738 B1,E13 패밀리중복,동일 문헌이 표기만 달라 1쌍 중복 적재,EP 4072137 A1 / EP 04072137 A1
KR 10-2637843 B1,E13 패밀리중복,동일 문헌이 표기만 달라 1쌍 중복 적재,JP 7153034 B2 / JP 07153034 B2
KR 10-2638670 B1,E13 패밀리중복,동일 문헌이 표기만 달라 2쌍 중복 적재,EP 3747497 A1 / EP 03747497 A1 / JP 7035016 B2 / JP 07035016 B2
KR 10-2689985 B1,E4 청구항수불일치(삭제제외 기준),claim_count 가 '삭제' 제외 실질 청구항 수와 다름 (차이 -17),claim_count=3 claims=20 삭제=0 실질=20
KR 10-2649972 B1,E13 패밀리중복,동일 문헌이 표기만 달라 3쌍 중복 적재,EP 3526240 A1 / EP 03526240 A1 / EP 3526241 A1 / EP 03526241 A1
KR 10-2731496 B1,E13 패밀리중복,동일 문헌이 표기만 달라 1쌍 중복 적재,EP 3088954 A1 / EP 03088954 A1
KR 10-2691447 B1,E13 패밀리중복,동일 문헌이 표기만 달라 1쌍 중복 적재,JP 7198297 B2 / JP 07198297 B2
KR 10-2732044 B1,E13 패밀리중복,동일 문헌이 표기만 달라 1쌍 중복 적재,JP 6516050 B2 / JP 06516050 B2
KR 10-2732355 B1,E13 패밀리중복,동일 문헌이 표기만 달라 1쌍 중복 적재,JP 7307038 B2 / JP 07307038 B2
KR 10-2703764 B1,E13 패밀리중복,동일 문헌이 표기만 달라 1쌍 중복 적재,EP 4082565 A1 / EP 04082565 A1
KR 10-2665729 B1,E13 패밀리중복,동일 문헌이 표기만 달라 3쌍 중복 적재,EP 3398266 A1 / EP 03398266 A1 / JP 7277634 B2 / EP 3937397 A1
KR 10-2625014 B1,E13 패밀리중복,동일 문헌이 표기만 달라 1쌍 중복 적재,JP 7234026 B2 / JP 07234026 B2
KR 10-2651787 B1,E13 패밀리중복,동일 문헌이 표기만 달라 1쌍 중복 적재,EP 4178002 A1 / EP 04178002 A1
KR 10-2718623 B1,E13 패밀리중복,동일 문헌이 표기만 달라 1쌍 중복 적재,JP 7029953 B2 / JP 07029953 B2
KR 10-2717968 B1,E13 패밀리중복,동일 문헌이 표기만 달라 4쌍 중복 적재,EP 3496278 B1 / EP 03496278 B1 / EP 3496280 A1 / EP 03496280 A1
KR 10-2638125 B1,E13 패밀리중복,동일 문헌이 표기만 달라 1쌍 중복 적재,EP 3747170 B1 / EP 03747170 B1
KR 10-2650488 B1,E13 패밀리중복,동일 문헌이 표기만 달라 1쌍 중복 적재,EP 3828582 A1 / EP 03828582 A1
KR 10-2690742 B1,E13 패밀리중복,동일 문헌이 표기만 달라 1쌍 중복 적재,EP 3779946 A1 / EP 03779946 A1
KR 10-2650619 B1,E4 청구항수불일치(삭제제외 기준),claim_count 가 '삭제' 제외 실질 청구항 수와 다름 (차이 -2),claim_count=2 claims=6 삭제=2 실질=4
KR 10-2637846 B1,E13 패밀리중복,동일 문헌이 표기만 달라 1쌍 중복 적재,JP 7329084 B2 / JP 07329084 B2
KR 10-2637073 B1,E13 패밀리중복,동일 문헌이 표기만 달라 1쌍 중복 적재,EP 3704495 B1 / EP 03704495 B1
KR 10-2731002 B1,E13 패밀리중복,동일 문헌이 표기만 달라 2쌍 중복 적재,JP 7422826 B2 / EP 3963426 A2 / EP 03963426 A2 / JP 07422826 B2
KR 10-2692274 B1,E14 명칭전각표기,발명의 명칭에 전각 영숫자가 있어 반각 검색어와 매칭되지 않음,연료전지 시스템의 ＣＯＤ히터의 과열 방지 제어 방법
KR 10-2691029 B1,E13 패밀리중복,동일 문헌이 표기만 달라 1쌍 중복 적재,US 09738977 B1 / US 9738977 B1
KR 10-2650796 B1,E13 패밀리중복,동일 문헌이 표기만 달라 3쌍 중복 적재,JP 6779878 B2 / JP 6637979 B2 / JP 6843944 B2 / JP 06779878 B2
KR 10-2624975 B1,E13 패밀리중복,동일 문헌이 표기만 달라 1쌍 중복 적재,JP 7254609 B2 / JP 07254609 B2
KR 10-2665992 B1,E4 청구항수불일치(삭제제외 기준),claim_count 가 '삭제' 제외 실질 청구항 수와 다름 (차이 -8),claim_count=10 claims=20 삭제=2 실질=18
KR 10-2625665 B1,E13 패밀리중복,동일 문헌이 표기만 달라 1쌍 중복 적재,EP 3787026 B1 / EP 03787026 B1
KR 10-2666155 B1,E13 패밀리중복,동일 문헌이 표기만 달라 1쌍 중복 적재,EP 4009400 B1 / EP 04009400 B1
KR 10-2719936 B1,E13 패밀리중복,동일 문헌이 표기만 달라 3쌍 중복 적재,EP 2654302 A1 / EP 02654302 A1 / EP 3554078 A1 / EP 03554078 A1
KR 10-2637928 B1,E13 패밀리중복,동일 문헌이 표기만 달라 1쌍 중복 적재,JP 7177249 B2 / JP 07177249 B2
KR 10-2625768 B1,E13 패밀리중복,동일 문헌이 표기만 달라 1쌍 중복 적재,EP 4133958 A1 / EP 04133958 A1
KR 10-2639239 B1,E13 패밀리중복,동일 문헌이 표기만 달라 1쌍 중복 적재,JP 5985878 B2 / JP 05985878 B2
KR 10-2705437 B1,E4 청구항수불일치(삭제제외 기준),claim_count 가 '삭제' 제외 실질 청구항 수와 다름 (차이 -2),claim_count=2 claims=4 삭제=0 실질=4
KR 10-2640186 B1,E13 패밀리중복,동일 문헌이 표기만 달라 1쌍 중복 적재,JP 7282802 B2 / JP 07282802 B2
KR 10-2705608 B1,E13 패밀리중복,동일 문헌이 표기만 달라 3쌍 중복 적재,US 09520411 B2 / JP 6313357 B2 / JP 7149397 B2 / JP 06313357 B2
KR 10-2638748 B1,E13 패밀리중복,동일 문헌이 표기만 달라 1쌍 중복 적재,EP 3641229 A1 / EP 03641229 A1
KR 10-2639295 B1,E13 패밀리중복,동일 문헌이 표기만 달라 2쌍 중복 적재,EP 3176219 B1 / EP 03176219 B1 / JP 6894216 B2 / JP 06894216 B2
KR 10-2639059 B1,E13 패밀리중복,동일 문헌이 표기만 달라 3쌍 중복 적재,EP 3559731 A1 / EP 03559731 A1 / JP 7039598 B2 / EP 3893041 A1
KR 10-2666137 B1,E4 청구항수불일치(삭제제외 기준),claim_count 가 '삭제' 제외 실질 청구항 수와 다름 (차이 -4),claim_count=10 claims=18 삭제=4 실질=14
KR 10-2666354 B1,E13 패밀리중복,동일 문헌이 표기만 달라 1쌍 중복 적재,EP 3823177 A1 / EP 03823177 A1
KR 10-2718327 B1,E13 패밀리중복,동일 문헌이 표기만 달라 2쌍 중복 적재,EP 3974957 A1 / EP 03974957 A1 / EP 4258690 A3 / EP 04258690 A3
KR 10-2667030 B1,E13 패밀리중복,동일 문헌이 표기만 달라 1쌍 중복 적재,EP 3913444 A1 / EP 03913444 A1
KR 10-2732145 B1,E13 패밀리중복,동일 문헌이 표기만 달라 1쌍 중복 적재,JP 6703718 B2 / JP 06703718 B2
KR 10-2705399 B1,E13 패밀리중복,동일 문헌이 표기만 달라 1쌍 중복 적재,EP 3700041 A1 / EP 03700041 A1
KR 10-2652603 B1,E4 청구항수불일치(삭제제외 기준),claim_count 가 '삭제' 제외 실질 청구항 수와 다름 (차이 -2),claim_count=10 claims=12 삭제=0 실질=12
KR 10-2704754 B1,E4 청구항수불일치(삭제제외 기준),claim_count 가 '삭제' 제외 실질 청구항 수와 다름 (차이 -1),claim_count=10 claims=15 삭제=4 실질=11
KR 10-2639340 B1,E13 패밀리중복,동일 문헌이 표기만 달라 1쌍 중복 적재,EP 3971307 A1 / EP 03971307 A1
KR 10-2652004 B1,E13 패밀리중복,동일 문헌이 표기만 달라 1쌍 중복 적재,EP 4261207 A1 / EP 04261207 A1
KR 10-2706431 B1,E13 패밀리중복,동일 문헌이 표기만 달라 1쌍 중복 적재,EP 4177256 A1 / EP 04177256 A1
KR 10-2664599 B1,E13 패밀리중복,동일 문헌이 표기만 달라 1쌍 중복 적재,JP 6436270 B1 / JP 06436270 B1
KR 10-2692564 B1,E13 패밀리중복,동일 문헌이 표기만 달라 1쌍 중복 적재,EP 3627195 A1 / EP 03627195 A1
KR 10-2666491 B1,E13 패밀리중복,동일 문헌이 표기만 달라 1쌍 중복 적재,EP 4000343 A1 / EP 04000343 A1
KR 10-2638661 B1,E13 패밀리중복,동일 문헌이 표기만 달라 1쌍 중복 적재,EP 3928178 A1 / EP 03928178 A1
KR 10-2718756 B1,E13 패밀리중복,동일 문헌이 표기만 달라 1쌍 중복 적재,EP 4386199 A2 / EP 04386199 A2
KR 10-2720190 B1,E9 섹션파싱누락,effect_of_invention 가 비었는데 전문에 해당 표제가 있음,표제 매칭='발명의\s*효과'
KR 10-2638806 B1,E13 패밀리중복,동일 문헌이 표기만 달라 1쌍 중복 적재,EP 3144291 A1 / EP 03144291 A1
